id_coleta,produto,preco_bruto,loja_oferta,url,categoria
1,"Smart TV Mini LED 55"" TCL 4K 55C6K","R$ 3.279,00",Via Amazon,N/A,Smart TV
2,"Smart TV Mini LED 55"" TCL 4K 55C6K","R$ 3.279,00",Via Amazon,https://www.buscape.com.br/tv/smart-tv-mini-led-55-tcl-4k-55c6k?experiencevariant=cro-12-2&_lc=11,Smart TV
3,"Smart TV QD-Mini LED 65"" TCL 4K 65C6K","R$ 3.963,60",Via Webcontinental,N/A,Smart TV
4,"Smart TV QD-Mini LED 65"" TCL 4K 65C6K","R$ 3.963,60",Via Webcontinental,https://www.buscape.com.br/tv/smart-tv-qd-mini-led-65-tcl-4k-65c6k?experiencevariant=cro-12-2&_lc=11,Smart TV
5,"Smart TV LED 50"" LG 4K UA7500","R$ 2.230,41",Via Magazine Luiza,N/A,Smart TV
6,"Smart TV LED 50"" LG 4K UA7500","R$ 2.230,41",Via Magazine Luiza,https://www.buscape.com.br/tv/smart-tv-led-50-lg-4k-ua7500?experiencevariant=cro-12-2&_lc=11,Smart TV
7,"Smart TV QLED 50"" TCL 4K P7K","R$ 2.069,10",Via Magazine Luiza,N/A,Smart TV
8,"Smart TV QLED 50"" TCL 4K P7K","R$ 2.069,10",Via Magazine Luiza,https://www.buscape.com.br/tv/smart-tv-qled-50-tcl-4k-p7k?experiencevariant=cro-12-2&_lc=11,Smart TV
9,"Smart TV QD-Mini LED 75"" TCL 4K C6K","R$ 5.859,73",Via Magazine Luiza,N/A,Smart TV
10,"Smart TV QD-Mini LED 75"" TCL 4K C6K","R$ 5.859,73",Via Magazine Luiza,https://www.buscape.com.br/tv/smart-tv-qd-mini-led-75-tcl-4k-c6k?experiencevariant=cro-12-2&_lc=11,Smart TV
11,"Smart TV OLED 55"" Samsung 4K S90F","R$ 5.830,17",Via Magazine Luiza,N/A,Smart TV
12,"Smart TV OLED 55"" Samsung 4K S90F","R$ 5.830,17",Via Magazine Luiza,https://www.buscape.com.br/tv/smart-tv-oled-55-samsung-4k-55s90fagxzd?experiencevariant=cro-12-2&_lc=11,Smart TV
13,Oferta do dia,"R$ 2.302,06",Via Magazine Luiza,N/A,Smart TV
14,Oferta do dia,"R$ 2.302,06",Via Magazine Luiza,https://www.buscape.com.br/tv/smart-tv-led-55-samsung-4k-lh55befh4ggxzd?experiencevariant=cro-12-2&_lc=11,Smart TV
15,"Smart TV OLED 55"" LG Evo 4K C5","R$ 6.252,66",Via Loja Online LG,N/A,Smart TV
16,"Smart TV OLED 55"" LG Evo 4K C5","R$ 6.252,66",Via Loja Online LG,https://www.buscape.com.br/tv/smart-tv-oled-55-lg-4k-oled55c5psa?experiencevariant=cro-12-2&_lc=11,Smart TV
17,Oferta do dia,"R$ 2.170,46",Via Magazine Luiza,N/A,Smart TV
18,Oferta do dia,"R$ 2.170,46",Via Magazine Luiza,https://www.buscape.com.br/tv/smart-tv-led-50-lg-4k-50au801c0sa?experiencevariant=cro-12-2&_lc=11,Smart TV
19,"Smart TV QD-Mini LED 65"" TCL 4K C7K","R$ 5.984,05",Via Magazine Luiza,N/A,Smart TV
20,"Smart TV QD-Mini LED 65"" TCL 4K C7K","R$ 5.984,05",Via Magazine Luiza,https://www.buscape.com.br/tv/smart-tv-qd-mini-led-65-tcl-4k-65c7k?experiencevariant=cro-12-2&_lc=11,Smart TV
21,"Smart TV LED 43"" Samsung Crystal 4K U8600F","R$ 2.075,95",Via Magazine Luiza,N/A,Smart TV
22,"Smart TV LED 43"" Samsung Crystal 4K U8600F","R$ 2.075,95",Via Magazine Luiza,https://www.buscape.com.br/tv/smart-tv-led-43-samsung-crystal-4k-u8600f?experiencevariant=cro-12-2&_lc=11,Smart TV
23,Oferta do dia,"R$ 1.684,11",Via Magazine Luiza,N/A,Smart TV
24,Oferta do dia,"R$ 1.684,11",Via Magazine Luiza,https://www.buscape.com.br/tv/smart-tv-led-43-lg-4k-hdr-43au801c0sa?experiencevariant=cro-12-2&_lc=11,Smart TV
25,"Smart TV QLED 55"" Hisense 4K 55Q6QV","R$ 2.198,00",Via Magazine Luiza,N/A,Smart TV
26,"Smart TV QLED 55"" Hisense 4K 55Q6QV","R$ 2.198,00",Via Magazine Luiza,https://www.buscape.com.br/tv/smart-tv-qled-55-hisense-4k-55q6qv?experiencevariant=cro-12-2&_lc=11,Smart TV
27,Oferta do dia,"R$ 7.144,72",Via Magazine Luiza,N/A,Smart TV
28,Oferta do dia,"R$ 7.144,72",Via Magazine Luiza,https://www.buscape.com.br/tv/smart-tv-oled-evo-65-lg-4k-hdr-oled65c6psa?experiencevariant=cro-12-2&_lc=11,Smart TV
29,Oferta do dia,"R$ 996,55",Via Loja Online LG,N/A,Smart TV
30,Oferta do dia,"R$ 996,55",Via Loja Online LG,https://www.buscape.com.br/tv/smart-tv-led-32-lg-32lr600bpsa?experiencevariant=cro-12-2&_lc=11,Smart TV
31,"Smart TV LED 50"" Samsung Crystal 4K HDR U8600F","R$ 2.374,91",Via Magazine Luiza,N/A,Smart TV
32,"Smart TV LED 50"" Samsung Crystal 4K HDR U8600F","R$ 2.374,91",Via Magazine Luiza,https://www.buscape.com.br/tv/smart-tv-led-50-samsung-crystal-4k-hdr-u8600f?experiencevariant=cro-12-2&_lc=11,Smart TV
33,"Smart TV LED 43"" Samsung Full HD HDR F6000F","R$ 1.612,80",Via Magazine Luiza,N/A,Smart TV
34,"Smart TV LED 43"" Samsung Full HD HDR F6000F","R$ 1.612,80",Via Magazine Luiza,https://www.buscape.com.br/tv/smart-tv-led-43-samsung-full-hd-hdr-f6000f?experiencevariant=cro-12-2&_lc=11,Smart TV
35,"Smart TV LED 32"" Philco PTV32K34RKGB","R$ 889,00",Via Magazine Luiza,N/A,Smart TV
36,"Smart TV LED 32"" Philco PTV32K34RKGB","R$ 889,00",Via Magazine Luiza,https://www.buscape.com.br/tv/smart-tv-led-32-philco-ptv32k34rkgb?experiencevariant=cro-12-2&_lc=11,Smart TV
37,"Smart TV OLED Evo 48"" LG 4K HDR OLED48C6PSA","R$ 5.851,05",Via Loja Online LG,N/A,Smart TV
38,"Smart TV OLED Evo 48"" LG 4K HDR OLED48C6PSA","R$ 5.851,05",Via Loja Online LG,https://www.buscape.com.br/tv/smart-tv-oled-evo-48-lg-4k-hdr-oled48c6psa?experiencevariant=cro-12-2&_lc=11,Smart TV
39,"Smart TV OLED 55"" Samsung 4K S85F","R$ 6.031,55",Via Magazine Luiza,N/A,Smart TV
40,"Smart TV OLED 55"" Samsung 4K S85F","R$ 6.031,55",Via Magazine Luiza,https://www.buscape.com.br/tv/smart-tv-oled-55-samsung-4k-55s85fagxzd?experiencevariant=cro-12-2&_lc=11,Smart TV
41,"Smart TV QLED 65"" TCL 4K P7K","R$ 3.568,70",Via Amazon,N/A,Smart TV
42,"Smart TV QLED 65"" TCL 4K P7K","R$ 3.568,70",Via Amazon,https://www.buscape.com.br/tv/smart-tv-qled-65-tcl-4k-65p7k?experiencevariant=cro-12-2&_lc=11,Smart TV
43,Oferta do dia,"R$ 12.706,80",Via Webcontinental,N/A,Smart TV
44,Oferta do dia,"R$ 12.706,80",Via Webcontinental,https://www.buscape.com.br/tv/smart-tv-qd-mini-led-98-tcl-4k-c6k?experiencevariant=cro-12-2&_lc=11,Smart TV
